{"cameraMode":{"drawMode":0,"name":"Shaded","section":"Shading Mode"},"sceneLighting":true,"audioPlay":false,"sceneViewState":{"m_AlwaysRefresh":false,"showFog":true,"showSkybox":true,"showFlares":true,"showImageEffects":true,"showParticleSystems":true,"showVisualEffectGraphs":true,"m_FxEnabled":true},"in2DMode":false,"pivot":{"x":241.32704162597657,"y":124.68856811523438,"z":305.753662109375},"rotation":{"x":0.38238200545310976,"y":-0.14847643673419953,"z":0.06245796009898186,"w":0.9099941253662109},"size":119.10565948486328,"orthographic":false}