{"cameraMode":{"drawMode":0,"name":"Shaded","section":"Shading Mode"},"sceneLighting":true,"audioPlay":false,"sceneViewState":{"m_AlwaysRefresh":false,"showFog":true,"showSkybox":true,"showFlares":true,"showImageEffects":true,"showParticleSystems":true,"showVisualEffectGraphs":true,"m_FxEnabled":true},"in2DMode":false,"pivot":{"x":172.96925354003907,"y":4.1150922775268559,"z":141.28744506835938},"rotation":{"x":-0.21030892431735993,"y":-0.17432762682437898,"z":0.03813571855425835,"w":-0.9612200856208801},"size":41.21406173706055,"orthographic":false}