{"cameraMode":{"drawMode":0,"name":"Shaded","section":"Shading Mode"},"sceneLighting":true,"audioPlay":false,"sceneViewState":{"m_AlwaysRefresh":false,"showFog":true,"showSkybox":true,"showFlares":true,"showImageEffects":true,"showParticleSystems":true,"showVisualEffectGraphs":true,"m_FxEnabled":true},"in2DMode":false,"pivot":{"x":160.25294494628907,"y":1.3744454383850098,"z":119.8366928100586},"rotation":{"x":0.3533181846141815,"y":0.4404987394809723,"z":-0.19405630230903626,"w":0.8021838068962097},"size":54.548641204833987,"orthographic":false}