{"cameraMode":{"drawMode":0,"name":"Shaded","section":"Shading Mode"},"sceneLighting":false,"audioPlay":false,"sceneViewState":{"m_AlwaysRefresh":false,"showFog":true,"showSkybox":false,"showFlares":true,"showImageEffects":true,"showParticleSystems":true,"showVisualEffectGraphs":true,"m_FxEnabled":true},"in2DMode":false,"pivot":{"x":9.838061332702637,"y":4.684950351715088,"z":4.884622573852539},"rotation":{"x":-0.008357714861631394,"y":0.9591524004936218,"z":-0.28133082389831545,"w":-0.028494326397776605},"size":1.8695720434188843,"orthographic":false}