{"cameraMode":{"drawMode":0,"name":"Shaded","section":"Shading Mode"},"sceneLighting":false,"audioPlay":false,"sceneViewState":{"m_AlwaysRefresh":false,"showFog":true,"showSkybox":false,"showFlares":true,"showImageEffects":true,"showParticleSystems":true,"showVisualEffectGraphs":true,"m_FxEnabled":true},"in2DMode":false,"pivot":{"x":6.108306884765625,"y":8.716764450073243,"z":0.9449176788330078},"rotation":{"x":0.021530020982027055,"y":0.9541868567466736,"z":-0.07054108381271362,"w":0.29046592116355898},"size":3.682110071182251,"orthographic":false}