{"cameraMode":{"drawMode":0,"name":"Shaded","section":"Shading Mode"},"sceneLighting":false,"audioPlay":false,"sceneViewState":{"m_AlwaysRefresh":false,"showFog":true,"showSkybox":false,"showFlares":true,"showImageEffects":true,"showParticleSystems":true,"showVisualEffectGraphs":true,"m_FxEnabled":true},"in2DMode":false,"pivot":{"x":8.535432815551758,"y":-0.09589529037475586,"z":-0.5810790061950684},"rotation":{"x":-0.03262615203857422,"y":-0.6318675875663757,"z":-0.026420194655656816,"w":0.7740667462348938},"size":15.838797569274903,"orthographic":false}