{"cameraMode":{"drawMode":0,"name":"Shaded","section":"Shading Mode"},"sceneLighting":true,"audioPlay":false,"sceneViewState":{"m_AlwaysRefresh":false,"showFog":true,"showSkybox":true,"showFlares":true,"showImageEffects":true,"showParticleSystems":true,"showVisualEffectGraphs":true,"m_FxEnabled":true},"in2DMode":false,"pivot":{"x":16.83313751220703,"y":5.240176200866699,"z":-4.174309730529785},"rotation":{"x":-0.12737178802490235,"y":0.03777705878019333,"z":-0.0048574660904705528,"w":-0.9911413788795471},"size":8.148536682128907,"orthographic":false}